about,domain,value,message,sig_r,sig_s,rec_id
0x70997970c51812dc3a010c7d01b50e0d17dc79c8,0x0000000000000000000000000000000000000000,10,0x0000000000000000000000000000000000000000000000000000000000000000,0x35d796aa9d85cf941ad74b83bda302eecbb047c5aca245d6d3a793c93b236d29,0x9eba00fad7e20f48374f4ee25aeaf15b16ff8f4a46b484806c09ebb3e6d39c12,1
0x3c44cdddb6a900fa2b585dd299e03d12fa4293bc,0x0000000000000000000000000000000000000000,10,0x0000000000000000000000000000000000000000000000000000000000000000,0x66eb26cda8066652b58b3a7b1c205b264ec9ac779dcdf201937e6ad605cf21ca,0x8915a3f533ce28ba04e893a84acd06c4afb4ed3122f9dfe4fb708ba0919ca04d,0
0x90f79bf6eb2c4f870365e785982e1f101e93b906,0x0000000000000000000000000000000000000000,10,0x0000000000000000000000000000000000000000000000000000000000000000,0x295e449af2d3249dfef036132773fa30e42e276136976914b739db7ccd811920,0x7e6c7df89d201782832591222be9121e7acc9d25c066e9d83e6c9e35e8b21a55,0
0xf39fd6e51aad88f6f4ce6ab8827279cfffb92266,0x0000000000000000000000000000000000000000,10,0x0000000000000000000000000000000000000000000000000000000000000000,0xc953465e18b11946d850504e285d9e942e8f70832ad4868b2862316a362a9253,0x72cbab1a73d5f535bb506185ebd98c6698ec06ddcf1030bc55dc6ae97f4d7109,0
0x3c44cdddb6a900fa2b585dd299e03d12fa4293bc,0x0000000000000000000000000000000000000000,10,0x0000000000000000000000000000000000000000000000000000000000000000,0xbca5ee8a00309bacb4c4e44fa22f7f8195552617be90773ea502b36cdf0ba859,0x1db14610dcc3c4e7a8848f1c9d972a9f7b909872d73f9e14d55e912a2102b607,0
0x90f79bf6eb2c4f870365e785982e1f101e93b906,0x0000000000000000000000000000000000000000,10,0x0000000000000000000000000000000000000000000000000000000000000000,0x2a9c1ddc1fc3dbe26eaf66975aa00af3f7950c4f668aad354fa3f0ab6ec76b5b,0xc825724b91178b39682c0b81bcf787479631221e62b193452e53bd50240c6223,1
0xf39fd6e51aad88f6f4ce6ab8827279cfffb92266,0x0000000000000000000000000000000000000000,10,0x0000000000000000000000000000000000000000000000000000000000000000,0xc3930963d681f6645573912a05286679d43d82f2f32796037c61fbc9083e44b0,0x19e62c5855a24d735cbafec7ae1bf36f68c0c6b2dfda84e3d735c800338fdb25,0
0x70997970c51812dc3a010c7d01b50e0d17dc79c8,0x0000000000000000000000000000000000000000,10,0x0000000000000000000000000000000000000000000000000000000000000000,0xf1d68ea2a6126ff932bf7e675fb798cb88c4837d5e6afcdfbe7e4d7b28d3ad47,0xe3c85704eb9a2b95a126949a41e0cba827668005a3aca9c377ca5f1135f0d34c,0
0x90f79bf6eb2c4f870365e785982e1f101e93b906,0x0000000000000000000000000000000000000000,10,0x0000000000000000000000000000000000000000000000000000000000000000,0x16a137d719ea5c3ab62950d200d1351191a70356cc6ccf3e1b3b8fac9210109f,0xf842bb839d24dabc83f20c8dfb3278ed5b6b49f434fd6b8d8539fccc62073d3f,0
0xf39fd6e51aad88f6f4ce6ab8827279cfffb92266,0x0000000000000000000000000000000000000000,10,0x0000000000000000000000000000000000000000000000000000000000000000,0xabc32b960ec7bc2cb9f38e40f4b3d8aa7a47ca09ca3a2bd2f014ddba121a4b44,0x2b8db4319dbb438f36232d88bd4756cd09248d3aac8314666869d0a0ce63c17b,1
0x70997970c51812dc3a010c7d01b50e0d17dc79c8,0x0000000000000000000000000000000000000000,10,0x0000000000000000000000000000000000000000000000000000000000000000,0x72656c3000dc2fd34a12ba1d4dc0d8cfd4bb7c64fcfb0a00cd6a23e63b39e09a,0xd7155d0c31194651a763faa4ebfdd82be6314b9a5a79d1e001f28b7191d7020e,0
0x3c44cdddb6a900fa2b585dd299e03d12fa4293bc,0x0000000000000000000000000000000000000000,10,0x0000000000000000000000000000000000000000000000000000000000000000,0xec144687ce2ad27e5c170ccab61a20cf608f2119616d22b890c0bbac4c3f25cd,0xf845e319b040368f1febf1ef7efb816f9663f7072ebf592229711c480912ef5a,0
